trial,theta,phi,lam,c0,full_sequence_error,c0_error,c1_error,c2_error,c3_error
0,1.7211113228493726,-2.8929454751927572,-5.768296820021047,-6.07549291374904,4.331670865058037e-16,4.726604209672303e-16,3.8459253727671276e-16,4.775249788392736e-16,2.3551386880256624e-16
1,3.9366699282395725,5.1868395572156185,1.3400246790400834,2.883938840045806,1.068950062446767e-15,6.329245045284193e-16,5.551115123125783e-16,5.661048867003676e-16,5.661048867003676e-16
2,0.5482078108027597,5.467281321404631,3.9691328209537264,-6.2487722991140195,6.622191845129327e-16,4.711299460771189e-16,4.871083751574258e-16,3.925231146709438e-16,6.568167990716596e-16
3,4.491274598756329,-5.861136520594652,2.8859354534447856,-4.075831678192565,5.79553433516819e-16,3.510833468576701e-16,5.087681048627601e-16,4.855242786854203e-16,4.980559976921029e-16
4,4.563840937572246,0.5210170597736594,-2.5168946131565613,-0.9715410316561952,7.28021923224409e-16,4.965068306494546e-16,7.021666937153402e-16,3.510833468576701e-16,4.710277376051325e-16
5,-5.927309823888925,-4.7213955935191905,2.14412963089827,1.8496379529885356,5.667848928154234e-16,5.661048867003676e-16,4.855242786854203e-16,5.661048867003676e-16,5.768888059150692e-16
6,1.4499720742525852,-1.4617509639138575,6.248124326268952,6.042355071543055,6.888752704931532e-16,4.746933783963145e-16,4.965068306494546e-16,6.661338147750939e-16,4.965068306494546e-16
7,2.331589341508087,1.8907270279496355,2.3680914574187213,-1.3958545535938516,4.2998752849492583e-16,4.440892098500626e-16,4.644396126208125e-16,5.661048867003676e-16,2.9373740229761033e-16
8,-4.585512556363332,2.783304569638096,0.31861181290594853,-2.3845709188118507,4.902612130890298e-16,4.965068306494546e-16,6.181460191301304e-16,3.3537189618722464e-16,3.3537189618722464e-16
9,-0.17799813053914804,4.89444847621367,5.4543516842657525,-1.7869982612958664,3.5868108437031825e-16,5.661048867003676e-16,4.746933783963145e-16,5.661048867003676e-16,4.996003610813204e-16
10,0.8988703629325538,-2.238455249501186,1.1850091284346522,-2.0368676127046514,8.779277668144297e-16,5.661048867003676e-16,5.266250202865052e-16,5.266250202865052e-16,5.661048867003676e-16
11,-1.3619558069177913,4.90433214857109,-3.428638798973178,1.5480153150494953,6.004449063730082e-16,5.661048867003676e-16,5.661048867003676e-16,5.661048867003676e-16,6.292624226552987e-16
12,-5.227417362430616,4.180129642110211,3.607783734658044,-3.275180172777429,4.406061034464155e-16,6.292624226552987e-16,5.874748045952207e-16,4.965068306494546e-16,3.3537189618722464e-16
13,4.731040374829245,-5.547197675662827,-2.059413754553817,-4.394717830450719,9.379577808175e-16,5.661048867003676e-16,8.527784864785346e-16,5.266250202865052e-16,5.324442579404919e-16
14,-0.6240539236288649,3.7237206024596787,-3.3848498296496716,-5.629466358163057,4.741351840547167e-16,4.965068306494546e-16,4.871083751574258e-16,4.965068306494546e-16,4.726604209672303e-16
15,-1.1994369552613957,-3.7885968180915057,-5.142748901547855,1.009486534646519,6.389813363550566e-16,5.266250202865052e-16,4.440892098500626e-16,5.266250202865052e-16,3.8459253727671276e-16
16,-2.529659001101153,2.1613513801710873,-3.7760002949866065,5.555757200091783,2.9764538874609303e-16,5.266250202865052e-16,4.710277376051325e-16,5.266250202865052e-16,4.644396126208125e-16
17,-1.6950756179440392,-4.957492526034648,1.6224208815828334,5.367782423461774,4.710277376051325e-16,4.965068306494546e-16,4.710277376051325e-16,5.661048867003676e-16,5.087681048627601e-16
18,-0.7492427709240559,5.71255262148231,-0.0013092438139707951,-0.9396048114918027,4.2457866502527573e-16,5.266250202865052e-16,3.510833468576701e-16,5.266250202865052e-16,4.710279622086068e-16
19,1.51064679085672,6.221566174661099,5.641592604240351,-0.5020875872869892,7.764123083730737e-16,4.855242786854203e-16,6.181460191301304e-16,4.712576754941537e-16,6.304854800243424e-16
20,3.238716188154834,-0.032387363688640036,0.36834746854008404,3.5912890314540356,5.710165843342547e-16,4.855242786854203e-16,5.564975606931872e-16,4.710532918022274e-16,4.75098925995612e-16
21,-1.072466226764341,2.946607466075868,2.6532996574016163,5.429422149507589,8.101585801848734e-16,4.965068306494546e-16,4.965068306494546e-16,4.726604209672303e-16,5.147892387644517e-16
22,-4.8388992416875,2.87788883747176,5.371167496541622,5.880133922758125,7.43207042519283e-16,6.329245045284193e-16,3.6821932062951477e-16,3.1646225226420963e-16,6.004449063730082e-16
23,-6.098380428616966,4.569636144264921,6.0468752112650925,5.7454725656490915,5.416005609232033e-16,4.965068306494546e-16,3.888257972851056e-16,4.440892098500626e-16,1.716587549445839e-16
24,-4.413761595386956,5.9392288375242135,4.9000747089001635,4.051068993275733,7.468261590855957e-16,5.661048867003676e-16,4.002966042486721e-16,4.855242786854203e-16,8.599750569898517e-16
25,-0.25147916619357424,-3.363101078251393,3.7935432334514854,5.322236954197836,4.996003610813204e-16,3.510833468576701e-16,4.775249788392736e-16,4.726604209672303e-16,3.3306690738754696e-16
26,-2.9388936738543157,0.4892641958309314,-0.7193891677296413,5.416323333825549,7.2377686124476805e-16,3.510833468576701e-16,6.958295682269841e-16,3.510833468576701e-16,6.304854800243424e-16
27,-5.77411269653445,2.91547583944787,1.437256609528716,-5.926735616551467,5.201856949075077e-16,3.3537189618722464e-16,2.220446049250313e-16,4.726604209672303e-16,5.324442579404919e-16
28,2.7547969113364434,-6.082227307221792,3.241507895956312,0.16033084507731843,6.206335383118183e-16,3.1646225226420963e-16,5.102800490722269e-16,4.746933783963145e-16,5.223102302487019e-16
29,5.392282670720988,-5.452768162222688,4.289119432694065,-5.445133940737327,3.336446474703022e-16,3.925231146709438e-16,3.885780586188048e-16,5.266250202865052e-16,2.9373740229761033e-16
30,-1.9564585073047978,-0.8758919666343195,5.8567088364320306,0.7820283934571188,2.9110293291727306e-16,5.266250202865052e-16,4.440892098500626e-16,4.965068306494546e-16,2.7194799110210365e-16
31,-3.030196890458341,-3.2461987153801406,4.877238659625949,-3.4448263592340185,7.239098962355515e-16,4.775249788392736e-16,7.16892185520064e-16,4.714364385389477e-16,5.874748045952207e-16
32,-4.717984711890929,-2.6599141551036283,1.0822543508812759,0.6797212970260835,2.618455766672135e-16,3.510833468576701e-16,2.7194799110210365e-16,4.965068306494546e-16,5.661048867003676e-16
33,3.8919403933807093,0.7599632261659295,-2.658777433593437,-1.0945768397380409,7.005190574351762e-16,5.661048867003676e-16,3.236828524569469e-16,4.965068306494546e-16,5.266250202865052e-16
34,3.997626021420256,1.5897270918781237,5.768939798902418,-1.6411125708224326,5.571892919244074e-16,4.440892098500626e-16,4.2998752849492583e-16,6.661338147750939e-16,3.597533769998862e-16
35,0.6611357397917521,1.1802863271288642,4.376756404907365,-4.455110911745496,5.688200336284365e-16,4.440892098500626e-16,3.7238012298709097e-16,4.440892098500626e-16,6.473657049138938e-16
36,-1.174825757034676,5.151696248926287,-5.741990824224224,4.055246716341983,3.546311116759026e-16,3.510833468576701e-16,4.965068306494546e-16,4.440892098500626e-16,5.117875266520903e-16
37,-1.063315546283956,4.144439109097295,-6.158092606771981,-1.695879997441331,5.613217783960923e-16,5.661048867003676e-16,3.510833468576701e-16,4.965068306494546e-16,4.777265937854909e-16
38,-5.29509111873532,1.9178113273996082,-2.8418960417693633,2.546601025678177,7.032629733738598e-16,4.965068306494546e-16,6.497413668604471e-16,4.440892098500626e-16,6.389813363550566e-16
39,5.576973210135758,-4.6895545999256605,4.583939252080317,-5.5359367399012935,6.730369402342474e-16,4.965068306494546e-16,6.591583993652515e-16,4.440892098500626e-16,4.002966042486721e-16
