dataset,regime,seed,method,rmse,mae,r2,mean_residual,residual_std,preprocessing_fit_scope
sine_interpolation,held_out_interpolation,3,mean,0.730331749985885,0.6541441340947705,-0.01231431749148637,-0.08055039323563136,0.7258760907944485,training_only
sine_interpolation,held_out_interpolation,3,linear,0.40039576428155643,0.33855610374327944,0.6957336212927538,-0.12425624468980033,0.38062731603262545,training_only
sine_interpolation,held_out_interpolation,3,rbf_svr,0.07750658868467787,0.07179339707432436,0.9885987554305209,-0.01712452128832661,0.0755911506737494,training_only
sine_interpolation,held_out_interpolation,3,muta_regressor,0.3034563063644742,0.23580240205194777,0.8252298128332085,-0.06951593834650138,0.2953866350872616,training_only
sine_interpolation,held_out_interpolation,17,mean,0.7005969156558736,0.6030769757604127,-0.019234056730528915,0.09624245750382993,0.6939549175559943,training_only
sine_interpolation,held_out_interpolation,17,linear,0.5245020891514588,0.4606961733750037,0.4287424808815158,0.13384287767075626,0.5071375805647377,training_only
sine_interpolation,held_out_interpolation,17,rbf_svr,0.08547803003003038,0.08070098034612103,0.9848278721394043,0.02358077780528548,0.08216106459821788,training_only
sine_interpolation,held_out_interpolation,17,muta_regressor,0.42470000301522226,0.33672125243650897,0.6254567170369455,0.10288037276079731,0.41205062973101886,training_only
sine_interpolation,held_out_interpolation,37,mean,0.6682501972747259,0.5896396692535619,-0.00013517111514183,-0.007768759801615959,0.6682050377906881,training_only
sine_interpolation,held_out_interpolation,37,linear,0.5637687311237667,0.5001682213493058,0.2881598534641455,0.043848512646421894,0.5620609309777708,training_only
sine_interpolation,held_out_interpolation,37,rbf_svr,0.07361017237342456,0.06961612365021431,0.9878645418115642,0.002550512673614368,0.07356597285394254,training_only
sine_interpolation,held_out_interpolation,37,muta_regressor,0.4840474123467545,0.4058234275891737,0.47524532738063585,0.057129503850063115,0.4806642457989096,training_only
sine_interpolation,held_out_interpolation,67,mean,0.7215309097352343,0.6619509861209367,-0.04804693261496484,-0.1544889453721724,0.7047978571627106,training_only
sine_interpolation,held_out_interpolation,67,linear,0.5005925073560141,0.473056976302303,0.49552512661891424,-0.15154421554144742,0.4771029335027279,training_only
sine_interpolation,held_out_interpolation,67,rbf_svr,0.0766425600401682,0.07000560242053816,0.9881747357181271,-0.025007331424779188,0.07244801849962522,training_only
sine_interpolation,held_out_interpolation,67,muta_regressor,0.42355795324856327,0.369221002772854,0.6388425882119941,-0.11520117039954317,0.40759051767513865,training_only
sine_extrapolation,extrapolation,3,mean,0.7216911917016501,0.6562595931895613,0.0,-1.6653345369377348e-16,0.7216911917016501,training_only
sine_extrapolation,extrapolation,3,linear,1.8808119221997062,1.8301941919828022,-5.791847542042949,-2.220446049250313e-16,1.8808119221997062,training_only
sine_extrapolation,extrapolation,3,rbf_svr,0.5405725938642663,0.4964163463014768,0.43894525670043727,-0.0002128936483781374,0.5405725519423229,training_only
sine_extrapolation,extrapolation,3,muta_regressor,1.391282856711571,1.3741119974635736,-2.7164479792500575,0.104756329487388,1.387333449035177,training_only
sine_extrapolation,extrapolation,17,mean,0.7216911917016501,0.6562595931895613,0.0,-1.6653345369377348e-16,0.7216911917016501,training_only
sine_extrapolation,extrapolation,17,linear,1.8808119221997062,1.8301941919828022,-5.791847542042949,-2.220446049250313e-16,1.8808119221997062,training_only
sine_extrapolation,extrapolation,17,rbf_svr,0.5405725938642663,0.4964163463014768,0.43894525670043727,-0.0002128936483781374,0.5405725519423229,training_only
sine_extrapolation,extrapolation,17,muta_regressor,1.3799278047149508,1.3553050905095347,-2.6560314380032297,0.17045199142495215,1.3693600201717193,training_only
sine_extrapolation,extrapolation,37,mean,0.7216911917016501,0.6562595931895613,0.0,-1.6653345369377348e-16,0.7216911917016501,training_only
sine_extrapolation,extrapolation,37,linear,1.8808119221997062,1.8301941919828022,-5.791847542042949,-2.220446049250313e-16,1.8808119221997062,training_only
sine_extrapolation,extrapolation,37,rbf_svr,0.5405725938642663,0.4964163463014768,0.43894525670043727,-0.0002128936483781374,0.5405725519423229,training_only
sine_extrapolation,extrapolation,37,muta_regressor,1.376941220167347,1.3532786595269939,-2.640223029929396,0.16190179238921337,1.3673898249647403,training_only
sine_extrapolation,extrapolation,67,mean,0.7216911917016501,0.6562595931895613,0.0,-1.6653345369377348e-16,0.7216911917016501,training_only
sine_extrapolation,extrapolation,67,linear,1.8808119221997062,1.8301941919828022,-5.791847542042949,-2.220446049250313e-16,1.8808119221997062,training_only
sine_extrapolation,extrapolation,67,rbf_svr,0.5405725938642663,0.4964163463014768,0.43894525670043727,-0.0002128936483781374,0.5405725519423229,training_only
sine_extrapolation,extrapolation,67,muta_regressor,1.3796067660277644,1.3542511524651173,-2.6543304924958653,0.1757578628979069,1.3683654491761865,training_only
diabetes_bmi,held_out_interpolation,3,mean,72.83657007791199,61.90683432677391,-0.003311160477942554,-4.184290030211489,72.71628192954903,training_only
diabetes_bmi,held_out_interpolation,3,linear,61.98087350199706,50.229081842077015,0.2734725035560759,-6.560644122115099,61.632675009069,training_only
diabetes_bmi,held_out_interpolation,3,rbf_svr,62.125607707268486,49.647040531434904,0.2700754506283316,2.7252992700545153,62.065802797402505,training_only
diabetes_bmi,held_out_interpolation,3,muta_regressor,162.93869368774799,145.82416608769674,-4.020941146259935,145.82416608769674,72.69340056358352,training_only
diabetes_bmi,held_out_interpolation,17,mean,74.8465845028302,65.19215590212569,-0.0021352227239133104,3.454859693530381,74.7668051760761,training_only
diabetes_bmi,held_out_interpolation,17,linear,57.736164144399645,46.69225291660149,0.40368160410336695,7.799929576850724,57.20686802041541,training_only
diabetes_bmi,held_out_interpolation,17,rbf_svr,59.31821670882007,46.50087197217925,0.3705539308199669,14.462281515930286,57.528195233889626,training_only
diabetes_bmi,held_out_interpolation,17,muta_regressor,169.16770773295318,151.82953330218095,-4.119378995770864,151.82953330218095,74.60232005014193,training_only
diabetes_bmi,held_out_interpolation,37,mean,79.04799672595736,67.7833210854359,-0.005819726894598087,-6.012873901091417,78.81897699054802,training_only
diabetes_bmi,held_out_interpolation,37,linear,62.476887510817605,52.9830118679285,0.371685353294403,-3.3981110899497975,62.384407619690656,training_only
diabetes_bmi,held_out_interpolation,37,rbf_svr,62.44456663596682,50.54271691411334,0.3723352712731577,3.0372328645420263,62.37065911853302,training_only
diabetes_bmi,held_out_interpolation,37,muta_regressor,164.98450026761168,144.87758084284883,-3.381519044983551,144.87758084284883,78.93270486735747,training_only
diabetes_bmi,held_out_interpolation,67,mean,71.23103863799382,61.292153180370704,-0.0031124260731889564,-3.967747203396751,71.12044605862161,training_only
diabetes_bmi,held_out_interpolation,67,linear,58.04424651449827,48.76474842074913,0.33391537030922225,0.8775946515690961,58.03761177946059,training_only
diabetes_bmi,held_out_interpolation,67,rbf_svr,58.51836257744406,47.93844082923122,0.3229895265517797,11.30735681026495,57.41552438766505,training_only
diabetes_bmi,held_out_interpolation,67,muta_regressor,162.58923580321337,146.20292734936095,-4.226303616420217,146.20292734936095,71.1334213541737,training_only
