seed,dataset_size,parameter_scale,regularization_C,feature_map,gram_symmetry_error,minimum_eigenvalue,condition_number,kernel_target_alignment,effective_rank,test_accuracy,axis_support
7,40,0.5,0.1,fixed Eq.5 MuTAKernel,4.440892098500626e-16,-7.218380418323609e-15,382755345513.35803,0.02233164506817178,1.2167040628252932,0.5,supported
7,40,0.5,1.0,fixed Eq.5 MuTAKernel,4.440892098500626e-16,-7.218380418323609e-15,382755345513.35803,0.02233164506817178,1.2167040628252932,0.5,supported
7,40,0.5,10.0,fixed Eq.5 MuTAKernel,4.440892098500626e-16,-7.218380418323609e-15,382755345513.35803,0.02233164506817178,1.2167040628252932,0.5,supported
7,40,1.0,0.1,fixed Eq.5 MuTAKernel,4.440892098500626e-16,-1.0795070298552309e-14,369922763344.02924,0.02899664182895451,1.3795797883638332,0.5,supported
7,40,1.0,1.0,fixed Eq.5 MuTAKernel,4.440892098500626e-16,-1.0795070298552309e-14,369922763344.02924,0.02899664182895451,1.3795797883638332,0.6111111111111112,supported
7,40,1.0,10.0,fixed Eq.5 MuTAKernel,4.440892098500626e-16,-1.0795070298552309e-14,369922763344.02924,0.02899664182895451,1.3795797883638332,0.8518518518518519,supported
7,40,2.0,0.1,fixed Eq.5 MuTAKernel,6.661338147750939e-16,-7.763911023373091e-15,366855505959.7042,0.028806402979643233,1.4141754687592523,0.5,supported
7,40,2.0,1.0,fixed Eq.5 MuTAKernel,6.661338147750939e-16,-7.763911023373091e-15,366855505959.7042,0.028806402979643233,1.4141754687592523,0.42592592592592593,supported
7,40,2.0,10.0,fixed Eq.5 MuTAKernel,6.661338147750939e-16,-7.763911023373091e-15,366855505959.7042,0.028806402979643233,1.4141754687592523,0.6111111111111112,supported
7,80,0.5,0.1,fixed Eq.5 MuTAKernel,4.440892098500626e-16,-1.6253579492259277e-14,761065986089.1127,0.007087673432478703,1.2433055508908895,0.5,supported
7,80,0.5,1.0,fixed Eq.5 MuTAKernel,4.440892098500626e-16,-1.6253579492259277e-14,761065986089.1127,0.007087673432478703,1.2433055508908895,0.5,supported
7,80,0.5,10.0,fixed Eq.5 MuTAKernel,4.440892098500626e-16,-1.6253579492259277e-14,761065986089.1127,0.007087673432478703,1.2433055508908895,0.46296296296296297,supported
7,80,1.0,0.1,fixed Eq.5 MuTAKernel,4.440892098500626e-16,-2.3962884049546035e-14,729755122156.0864,0.009473544970964053,1.4351830478748788,0.5,supported
7,80,1.0,1.0,fixed Eq.5 MuTAKernel,4.440892098500626e-16,-2.3962884049546035e-14,729755122156.0864,0.009473544970964053,1.4351830478748788,0.8148148148148148,supported
7,80,1.0,10.0,fixed Eq.5 MuTAKernel,4.440892098500626e-16,-2.3962884049546035e-14,729755122156.0864,0.009473544970964053,1.4351830478748788,0.6851851851851852,supported
7,80,2.0,0.1,fixed Eq.5 MuTAKernel,4.440892098500626e-16,-2.8639680746446125e-14,727327596285.3412,0.0240041753253949,1.4478842921486024,0.5,supported
7,80,2.0,1.0,fixed Eq.5 MuTAKernel,4.440892098500626e-16,-2.8639680746446125e-14,727327596285.3412,0.0240041753253949,1.4478842921486024,0.6481481481481481,supported
7,80,2.0,10.0,fixed Eq.5 MuTAKernel,4.440892098500626e-16,-2.8639680746446125e-14,727327596285.3412,0.0240041753253949,1.4478842921486024,0.6111111111111112,supported
7,126,0.5,0.1,fixed Eq.5 MuTAKernel,4.440892098500626e-16,-4.360053062775805e-14,1201538740543.8496,0.0005670684340276868,1.2344105559538516,0.5740740740740741,supported
7,126,0.5,1.0,fixed Eq.5 MuTAKernel,4.440892098500626e-16,-4.360053062775805e-14,1201538740543.8496,0.0005670684340276868,1.2344105559538516,0.5740740740740741,supported
7,126,0.5,10.0,fixed Eq.5 MuTAKernel,4.440892098500626e-16,-4.360053062775805e-14,1201538740543.8496,0.0005670684340276868,1.2344105559538516,0.6666666666666666,supported
7,126,1.0,0.1,fixed Eq.5 MuTAKernel,6.661338147750939e-16,-5.028879480759733e-14,1152044684868.7275,0.006308258532377649,1.4263708979798164,0.6296296296296297,supported
7,126,1.0,1.0,fixed Eq.5 MuTAKernel,6.661338147750939e-16,-5.028879480759733e-14,1152044684868.7275,0.006308258532377649,1.4263708979798164,0.6481481481481481,supported
7,126,1.0,10.0,fixed Eq.5 MuTAKernel,6.661338147750939e-16,-5.028879480759733e-14,1152044684868.7275,0.006308258532377649,1.4263708979798164,0.6481481481481481,supported
7,126,2.0,0.1,fixed Eq.5 MuTAKernel,6.661338147750939e-16,-3.292827507380693e-14,1147053440653.1885,0.02246351339444986,1.4417006909026964,0.6851851851851852,supported
7,126,2.0,1.0,fixed Eq.5 MuTAKernel,6.661338147750939e-16,-3.292827507380693e-14,1147053440653.1885,0.02246351339444986,1.4417006909026964,0.6481481481481481,supported
7,126,2.0,10.0,fixed Eq.5 MuTAKernel,6.661338147750939e-16,-3.292827507380693e-14,1147053440653.1885,0.02246351339444986,1.4417006909026964,0.6666666666666666,supported
19,40,0.5,0.1,fixed Eq.5 MuTAKernel,4.440892098500626e-16,-9.303142406644769e-15,382534236832.94196,0.010437478965376864,1.2226435422026913,0.5,supported
19,40,0.5,1.0,fixed Eq.5 MuTAKernel,4.440892098500626e-16,-9.303142406644769e-15,382534236832.94196,0.010437478965376864,1.2226435422026913,0.5,supported
19,40,0.5,10.0,fixed Eq.5 MuTAKernel,4.440892098500626e-16,-9.303142406644769e-15,382534236832.94196,0.010437478965376864,1.2226435422026913,0.6111111111111112,supported
19,40,1.0,0.1,fixed Eq.5 MuTAKernel,6.661338147750939e-16,-6.778273929133244e-15,368915303528.45306,0.014417060107346115,1.3891991206727754,0.5,supported
19,40,1.0,1.0,fixed Eq.5 MuTAKernel,6.661338147750939e-16,-6.778273929133244e-15,368915303528.45306,0.014417060107346115,1.3891991206727754,0.5,supported
19,40,1.0,10.0,fixed Eq.5 MuTAKernel,6.661338147750939e-16,-6.778273929133244e-15,368915303528.45306,0.014417060107346115,1.3891991206727754,0.6481481481481481,supported
19,40,2.0,0.1,fixed Eq.5 MuTAKernel,4.440892098500626e-16,-7.636014949523018e-15,368502114747.99005,0.02047213302433343,1.3951638708022744,0.5,supported
19,40,2.0,1.0,fixed Eq.5 MuTAKernel,4.440892098500626e-16,-7.636014949523018e-15,368502114747.99005,0.02047213302433343,1.3951638708022744,0.7037037037037037,supported
19,40,2.0,10.0,fixed Eq.5 MuTAKernel,4.440892098500626e-16,-7.636014949523018e-15,368502114747.99005,0.02047213302433343,1.3951638708022744,0.7407407407407407,supported
19,80,0.5,0.1,fixed Eq.5 MuTAKernel,4.440892098500626e-16,-1.3508272067416868e-14,760392504427.8378,0.0023602546493222687,1.250101412603149,0.5,supported
19,80,0.5,1.0,fixed Eq.5 MuTAKernel,4.440892098500626e-16,-1.3508272067416868e-14,760392504427.8378,0.0023602546493222687,1.250101412603149,0.4444444444444444,supported
19,80,0.5,10.0,fixed Eq.5 MuTAKernel,4.440892098500626e-16,-1.3508272067416868e-14,760392504427.8378,0.0023602546493222687,1.250101412603149,0.6666666666666666,supported
19,80,1.0,0.1,fixed Eq.5 MuTAKernel,4.440892098500626e-16,-3.059189435542162e-14,733212986046.6495,0.0057024731791995124,1.4160243200297244,0.5,supported
19,80,1.0,1.0,fixed Eq.5 MuTAKernel,4.440892098500626e-16,-3.059189435542162e-14,733212986046.6495,0.0057024731791995124,1.4160243200297244,0.6666666666666666,supported
19,80,1.0,10.0,fixed Eq.5 MuTAKernel,4.440892098500626e-16,-3.059189435542162e-14,733212986046.6495,0.0057024731791995124,1.4160243200297244,0.6666666666666666,supported
19,80,2.0,0.1,fixed Eq.5 MuTAKernel,4.440892098500626e-16,-2.1354133814632662e-14,730527338137.4677,0.008352948878025035,1.4313133740093607,0.5,supported
19,80,2.0,1.0,fixed Eq.5 MuTAKernel,4.440892098500626e-16,-2.1354133814632662e-14,730527338137.4677,0.008352948878025035,1.4313133740093607,0.7592592592592593,supported
19,80,2.0,10.0,fixed Eq.5 MuTAKernel,4.440892098500626e-16,-2.1354133814632662e-14,730527338137.4677,0.008352948878025035,1.4313133740093607,0.7592592592592593,supported
19,126,0.5,0.1,fixed Eq.5 MuTAKernel,4.440892098500626e-16,-4.811551148580529e-14,1202845779889.206,0.0007853960207599662,1.2312712482418202,0.6296296296296297,supported
19,126,0.5,1.0,fixed Eq.5 MuTAKernel,4.440892098500626e-16,-4.811551148580529e-14,1202845779889.206,0.0007853960207599662,1.2312712482418202,0.6296296296296297,supported
19,126,0.5,10.0,fixed Eq.5 MuTAKernel,4.440892098500626e-16,-4.811551148580529e-14,1202845779889.206,0.0007853960207599662,1.2312712482418202,0.6296296296296297,supported
19,126,1.0,0.1,fixed Eq.5 MuTAKernel,4.440892098500626e-16,-3.452252757447405e-14,1154186712076.1003,0.007492925054666787,1.4188561348953663,0.6296296296296297,supported
19,126,1.0,1.0,fixed Eq.5 MuTAKernel,4.440892098500626e-16,-3.452252757447405e-14,1154186712076.1003,0.007492925054666787,1.4188561348953663,0.6851851851851852,supported
19,126,1.0,10.0,fixed Eq.5 MuTAKernel,4.440892098500626e-16,-3.452252757447405e-14,1154186712076.1003,0.007492925054666787,1.4188561348953663,0.6666666666666666,supported
19,126,2.0,0.1,fixed Eq.5 MuTAKernel,4.440892098500626e-16,-3.336155592430066e-14,1151698364747.4307,0.014714781299116532,1.425707035290785,0.7407407407407407,supported
19,126,2.0,1.0,fixed Eq.5 MuTAKernel,4.440892098500626e-16,-3.336155592430066e-14,1151698364747.4307,0.014714781299116532,1.425707035290785,0.7777777777777778,supported
19,126,2.0,10.0,fixed Eq.5 MuTAKernel,4.440892098500626e-16,-3.336155592430066e-14,1151698364747.4307,0.014714781299116532,1.425707035290785,0.7592592592592593,supported
43,40,0.5,0.1,fixed Eq.5 MuTAKernel,4.440892098500626e-16,-9.174788552877712e-15,378152911119.0466,0.013051550082749415,1.2678754253615991,0.5,supported
43,40,0.5,1.0,fixed Eq.5 MuTAKernel,4.440892098500626e-16,-9.174788552877712e-15,378152911119.0466,0.013051550082749415,1.2678754253615991,0.5,supported
43,40,0.5,10.0,fixed Eq.5 MuTAKernel,4.440892098500626e-16,-9.174788552877712e-15,378152911119.0466,0.013051550082749415,1.2678754253615991,0.6296296296296297,supported
43,40,1.0,0.1,fixed Eq.5 MuTAKernel,4.440892098500626e-16,-4.458697320240618e-15,365968713083.1177,0.0163363364447369,1.421383344637301,0.5,supported
43,40,1.0,1.0,fixed Eq.5 MuTAKernel,4.440892098500626e-16,-4.458697320240618e-15,365968713083.1177,0.0163363364447369,1.421383344637301,0.6481481481481481,supported
43,40,1.0,10.0,fixed Eq.5 MuTAKernel,4.440892098500626e-16,-4.458697320240618e-15,365968713083.1177,0.0163363364447369,1.421383344637301,0.6666666666666666,supported
43,40,2.0,0.1,fixed Eq.5 MuTAKernel,4.440892098500626e-16,-6.0834365354540375e-15,361232141459.77826,0.019760097144315553,1.4751084040941322,0.5,supported
43,40,2.0,1.0,fixed Eq.5 MuTAKernel,4.440892098500626e-16,-6.0834365354540375e-15,361232141459.77826,0.019760097144315553,1.4751084040941322,0.7407407407407407,supported
43,40,2.0,10.0,fixed Eq.5 MuTAKernel,4.440892098500626e-16,-6.0834365354540375e-15,361232141459.77826,0.019760097144315553,1.4751084040941322,0.7222222222222222,supported
43,80,0.5,0.1,fixed Eq.5 MuTAKernel,4.440892098500626e-16,-3.3722050478221835e-14,758299494480.6995,0.0022791495251670278,1.2586262411630431,0.5,supported
43,80,0.5,1.0,fixed Eq.5 MuTAKernel,4.440892098500626e-16,-3.3722050478221835e-14,758299494480.6995,0.0022791495251670278,1.2586262411630431,0.5,supported
43,80,0.5,10.0,fixed Eq.5 MuTAKernel,4.440892098500626e-16,-3.3722050478221835e-14,758299494480.6995,0.0022791495251670278,1.2586262411630431,0.6296296296296297,supported
43,80,1.0,0.1,fixed Eq.5 MuTAKernel,4.440892098500626e-16,-2.0790084763298634e-14,728961641606.0997,0.007470706644695088,1.439141979619237,0.5,supported
43,80,1.0,1.0,fixed Eq.5 MuTAKernel,4.440892098500626e-16,-2.0790084763298634e-14,728961641606.0997,0.007470706644695088,1.439141979619237,0.6481481481481481,supported
43,80,1.0,10.0,fixed Eq.5 MuTAKernel,4.440892098500626e-16,-2.0790084763298634e-14,728961641606.0997,0.007470706644695088,1.439141979619237,0.6481481481481481,supported
43,80,2.0,0.1,fixed Eq.5 MuTAKernel,4.440892098500626e-16,-2.744098948264809e-14,724016024044.3425,0.01997870058617422,1.4675143148049081,0.5,supported
43,80,2.0,1.0,fixed Eq.5 MuTAKernel,4.440892098500626e-16,-2.744098948264809e-14,724016024044.3425,0.01997870058617422,1.4675143148049081,0.7222222222222222,supported
43,80,2.0,10.0,fixed Eq.5 MuTAKernel,4.440892098500626e-16,-2.744098948264809e-14,724016024044.3425,0.01997870058617422,1.4675143148049081,0.7222222222222222,supported
43,126,0.5,0.1,fixed Eq.5 MuTAKernel,4.440892098500626e-16,-4.281428547500366e-14,1199637116773.772,0.0006419627561142236,1.2414859136985616,0.6111111111111112,supported
43,126,0.5,1.0,fixed Eq.5 MuTAKernel,4.440892098500626e-16,-4.281428547500366e-14,1199637116773.772,0.0006419627561142236,1.2414859136985616,0.6111111111111112,supported
43,126,0.5,10.0,fixed Eq.5 MuTAKernel,4.440892098500626e-16,-4.281428547500366e-14,1199637116773.772,0.0006419627561142236,1.2414859136985616,0.5555555555555556,supported
43,126,1.0,0.1,fixed Eq.5 MuTAKernel,5.551115123125783e-16,-4.043229768293877e-14,1149577629991.053,0.011316239737630579,1.4342674511807283,0.6111111111111112,supported
43,126,1.0,1.0,fixed Eq.5 MuTAKernel,5.551115123125783e-16,-4.043229768293877e-14,1149577629991.053,0.011316239737630579,1.4342674511807283,0.6666666666666666,supported
43,126,1.0,10.0,fixed Eq.5 MuTAKernel,5.551115123125783e-16,-4.043229768293877e-14,1149577629991.053,0.011316239737630579,1.4342674511807283,0.6481481481481481,supported
43,126,2.0,0.1,fixed Eq.5 MuTAKernel,4.440892098500626e-16,-3.5404577030278737e-14,1151695805273.2324,0.01764904140744533,1.4276186070966939,0.7407407407407407,supported
43,126,2.0,1.0,fixed Eq.5 MuTAKernel,4.440892098500626e-16,-3.5404577030278737e-14,1151695805273.2324,0.01764904140744533,1.4276186070966939,0.7037037037037037,supported
43,126,2.0,10.0,fixed Eq.5 MuTAKernel,4.440892098500626e-16,-3.5404577030278737e-14,1151695805273.2324,0.01764904140744533,1.4276186070966939,0.7407407407407407,supported
71,40,0.5,0.1,fixed Eq.5 MuTAKernel,4.440892098500626e-16,-9.445592363075392e-15,383378517824.695,0.09006940146319171,1.209692017283755,0.5,supported
71,40,0.5,1.0,fixed Eq.5 MuTAKernel,4.440892098500626e-16,-9.445592363075392e-15,383378517824.695,0.09006940146319171,1.209692017283755,0.5,supported
71,40,0.5,10.0,fixed Eq.5 MuTAKernel,4.440892098500626e-16,-9.445592363075392e-15,383378517824.695,0.09006940146319171,1.209692017283755,0.5,supported
71,40,1.0,0.1,fixed Eq.5 MuTAKernel,4.440892098500626e-16,-7.071641391832924e-15,366472933635.11035,0.10175267487921215,1.4150496926681808,0.5,supported
71,40,1.0,1.0,fixed Eq.5 MuTAKernel,4.440892098500626e-16,-7.071641391832924e-15,366472933635.11035,0.10175267487921215,1.4150496926681808,0.5,supported
71,40,1.0,10.0,fixed Eq.5 MuTAKernel,4.440892098500626e-16,-7.071641391832924e-15,366472933635.11035,0.10175267487921215,1.4150496926681808,0.7962962962962963,supported
71,40,2.0,0.1,fixed Eq.5 MuTAKernel,4.440892098500626e-16,-6.824106250415599e-15,359079524918.83856,0.09331773322990887,1.4932857682446183,0.5,supported
71,40,2.0,1.0,fixed Eq.5 MuTAKernel,4.440892098500626e-16,-6.824106250415599e-15,359079524918.83856,0.09331773322990887,1.4932857682446183,0.5,supported
71,40,2.0,10.0,fixed Eq.5 MuTAKernel,4.440892098500626e-16,-6.824106250415599e-15,359079524918.83856,0.09331773322990887,1.4932857682446183,0.5,supported
71,80,0.5,0.1,fixed Eq.5 MuTAKernel,4.440892098500626e-16,-2.294979821158495e-14,766398888369.6764,0.03055622163759904,1.2136634228702592,0.5,supported
71,80,0.5,1.0,fixed Eq.5 MuTAKernel,4.440892098500626e-16,-2.294979821158495e-14,766398888369.6764,0.03055622163759904,1.2136634228702592,0.5,supported
71,80,0.5,10.0,fixed Eq.5 MuTAKernel,4.440892098500626e-16,-2.294979821158495e-14,766398888369.6764,0.03055622163759904,1.2136634228702592,0.5,supported
71,80,1.0,0.1,fixed Eq.5 MuTAKernel,4.440892098500626e-16,-3.1771297699281736e-14,734283925828.2659,0.0370287766188315,1.4097923000250945,0.5,supported
71,80,1.0,1.0,fixed Eq.5 MuTAKernel,4.440892098500626e-16,-3.1771297699281736e-14,734283925828.2659,0.0370287766188315,1.4097923000250945,0.7592592592592593,supported
71,80,1.0,10.0,fixed Eq.5 MuTAKernel,4.440892098500626e-16,-3.1771297699281736e-14,734283925828.2659,0.0370287766188315,1.4097923000250945,0.7592592592592593,supported
71,80,2.0,0.1,fixed Eq.5 MuTAKernel,4.440892098500626e-16,-1.767490837596855e-14,726044019837.805,0.042836424388176135,1.452319524726759,0.5,supported
71,80,2.0,1.0,fixed Eq.5 MuTAKernel,4.440892098500626e-16,-1.767490837596855e-14,726044019837.805,0.042836424388176135,1.452319524726759,0.7592592592592593,supported
71,80,2.0,10.0,fixed Eq.5 MuTAKernel,4.440892098500626e-16,-1.767490837596855e-14,726044019837.805,0.042836424388176135,1.452319524726759,0.7407407407407407,supported
71,126,0.5,0.1,fixed Eq.5 MuTAKernel,4.440892098500626e-16,-4.1484725100339496e-14,1207288333381.706,0.0002431763521309398,1.2142944490751968,0.6481481481481481,supported
71,126,0.5,1.0,fixed Eq.5 MuTAKernel,4.440892098500626e-16,-4.1484725100339496e-14,1207288333381.706,0.0002431763521309398,1.2142944490751968,0.6481481481481481,supported
71,126,0.5,10.0,fixed Eq.5 MuTAKernel,4.440892098500626e-16,-4.1484725100339496e-14,1207288333381.706,0.0002431763521309398,1.2142944490751968,0.6296296296296297,supported
71,126,1.0,0.1,fixed Eq.5 MuTAKernel,4.440892098500626e-16,-4.446654898010717e-14,1156382808475.6118,0.008589251781477184,1.4112849066113657,0.6481481481481481,supported
71,126,1.0,1.0,fixed Eq.5 MuTAKernel,4.440892098500626e-16,-4.446654898010717e-14,1156382808475.6118,0.008589251781477184,1.4112849066113657,0.7037037037037037,supported
71,126,1.0,10.0,fixed Eq.5 MuTAKernel,4.440892098500626e-16,-4.446654898010717e-14,1156382808475.6118,0.008589251781477184,1.4112849066113657,0.7222222222222222,supported
71,126,2.0,0.1,fixed Eq.5 MuTAKernel,4.440892098500626e-16,-3.5668978107571694e-14,1150444710257.6208,0.01934045367539264,1.4293684435822056,0.7222222222222222,supported
71,126,2.0,1.0,fixed Eq.5 MuTAKernel,4.440892098500626e-16,-3.5668978107571694e-14,1150444710257.6208,0.01934045367539264,1.4293684435822056,0.7407407407407407,supported
71,126,2.0,10.0,fixed Eq.5 MuTAKernel,4.440892098500626e-16,-3.5668978107571694e-14,1150444710257.6208,0.01934045367539264,1.4293684435822056,0.7407407407407407,supported
,,,,fixed Eq.5 MuTAKernel,,,,,,,unsupported: ansatz_depth is not parameterized by MuTAKernel
,,,,fixed Eq.5 MuTAKernel,,,,,,,unsupported: triangle_count is not parameterized by MuTAKernel
,,,,fixed Eq.5 MuTAKernel,,,,,,,unsupported: shot_count is not parameterized by MuTAKernel
,,,,fixed Eq.5 MuTAKernel,,,,,,,unsupported: physical_noise is not parameterized by MuTAKernel
